asset_id,section,local_path,source_filename,media_type,resolution,duration,status,recommended_use,rights_status,notes
COLUS-BRAND-LOGO-RASTER-001,Brand,00-brand/COLUS-BRAND-LOGO-RASTER-001.jpg,SaveInta.com_416549246_1402223154045950_697639429284292485_n (1).jpg,image/jpeg,842x842,,USE_REFERENCE,formal logo/reference,PUBLIC_REFERENCE,Full raster logo. Intro mark will be reconstructed as a derived SVG device during implementation; not an official vector.
COLUS-HERO-VID-001,Hero,01-hero/video/COLUS-HERO-VID-001-SPORT-DAY.mp4,COLUS-HERO-VID-001-SPORT-DAY.mp4,video/mp4,1280x720,76.5s,PRIMARY,hero background,NEEDS_AUTHORIZATION,Primary landscape video; select clean action segment.
COLUS-HERO-VID-002,Hero,01-hero/video/COLUS-HERO-VID-002-COURTYARD-SPORT.mp4,COLUS-HERO-VID-002-COURTYARD-SPORT.mp4,video/mp4,1024x576,21.7s,ALT,hero alternate,NEEDS_AUTHORIZATION,Secondary landscape hero/video.
COLUS-HERO-POSTER-001,Hero,01-hero/poster/COLUS-HERO-POSTER-001.jpg,COLUS-HERO-POSTER-001.jpg,image/jpeg,1280x720,,USE,hero poster,NEEDS_AUTHORIZATION,Poster for primary hero.
COLUS-HERO-POSTER-002,Hero,01-hero/poster/COLUS-HERO-POSTER-002.jpg,COLUS-HERO-POSTER-002.jpg,image/jpeg,1024x576,,ALT,hero poster alt,NEEDS_AUTHORIZATION,Poster for alternate hero.
COLUS-MANIFESTO-HUMANO-001,Manifesto,02-manifesto/COLUS-MANIFESTO-HUMANO-001.webp,COLUS-MANIFESTO-HUMANO-001.webp,image/webp,1080x1440,,USE,human relational media,NEEDS_AUTHORIZATION,Do not infer relationship between people from image alone.
COLUS-APRENDER-DESCOBRIR-001,Aprender / Descobrir,03-aprender/descobrir/COLUS-APRENDER-DESCOBRIR-001.webp,COLUS-APRENDER-DESCOBRIR-001.webp,image/webp,1080x810,,USE,hands-on discovery,NEEDS_AUTHORIZATION,Selected from manual Instagram download.
COLUS-APRENDER-DESCOBRIR-002,Aprender / Descobrir,03-aprender/descobrir/COLUS-APRENDER-DESCOBRIR-002.webp,COLUS-APRENDER-DESCOBRIR-002.webp,image/webp,1080x1080,,USE,experiment discovery,NEEDS_AUTHORIZATION,Selected from manual Instagram download.
COLUS-APRENDER-CRIAR-001,Aprender / Criar,03-aprender/criar/COLUS-APRENDER-CRIAR-001.webp,COLUS-APRENDER-CRIAR-001.webp,image/webp,1080x1080,,USE,hands-on creation,NEEDS_AUTHORIZATION,Selected from manual Instagram download.
COLUS-APRENDER-CRIAR-002,Aprender / Criar,03-aprender/criar/COLUS-APRENDER-CRIAR-002.webp,COLUS-APRENDER-CRIAR-002.webp,image/webp,1080x1080,,ALT,creative detail,NEEDS_AUTHORIZATION,Selected from manual Instagram download.
COLUS-FUTURO-TIC-001,Futuro / TIC,04-futuro/tic/COLUS-FUTURO-TIC-001.jpg,Insta_Saver_@colus_mz_image_3619286761770983917_image_54 (1).jpg,image/jpeg,1440x1440,,USE,wide computer lab / students,NEEDS_AUTHORIZATION,Use as ICT/digital-learning visual. Do not claim a specific event unless independently validated.
COLUS-FUTURO-TIC-002,Futuro / TIC,04-futuro/tic/COLUS-FUTURO-TIC-002.jpg,Insta_Saver_@colus_mz_image_3619286761770983917_image_54 (2).jpg,image/jpeg,1440x1440,,ALT,ICT interaction / workstation,NEEDS_AUTHORIZATION,Use as ICT/digital-learning visual. Do not claim a specific event unless independently validated.
COLUS-FUTURO-TIC-003,Futuro / TIC,04-futuro/tic/COLUS-FUTURO-TIC-003.jpg,Insta_Saver_@colus_mz_image_3619286761770983917_image_54 (3).jpg,image/jpeg,1440x1440,,ALT,computer lab detail,NEEDS_AUTHORIZATION,Use as ICT/digital-learning visual. Do not claim a specific event unless independently validated.
COLUS-FUTURO-TIC-FEMALE-001,Futuro / TIC,04-futuro/tic/COLUS-FUTURO-TIC-FEMALE-001.jpg,Insta_Saver_@colus_mz_image_3619286761770983917_image_54.jpg,image/jpeg,1440x1440,,USE,female student in ICT context,NEEDS_AUTHORIZATION,Use as ICT/digital-learning visual. Do not claim a specific event unless independently validated.
COLUS-FUTURO-CIENCIA-VID-001,Futuro / Ciência,04-futuro/ciencia/COLUS-FUTURO-CIENCIA-VID-001.mp4,COLUS-FUTURO-CIENCIA-VID-001.mp4,video/mp4,720x720,18.9s,USE,science scene video,NEEDS_AUTHORIZATION,Selected science experiment video.
COLUS-FUTURO-CIENCIA-001,Futuro / Ciência,04-futuro/ciencia/COLUS-FUTURO-CIENCIA-001.webp,COLUS-FUTURO-CIENCIA-001.webp,image/webp,1080x1080,,USE,science still,NEEDS_AUTHORIZATION,Practical science activity.
COLUS-FUTURO-CIENCIA-VID-003,Futuro / Ciência,04-futuro/ciencia/COLUS-FUTURO-CIENCIA-VID-003.mp4,SaveInta.com_AQMeUpMowf-E4716aBi0Na6a51BnppKNs9NGQ7iaFqOxvXegkEnTHKflgQvRIZwe7pu6tI7XsGCgnpLX6q8059u7rQr61RELsNaXahM.mp4,video/mp4,720x720,90.0s,ALT,long science activity video,NEEDS_AUTHORIZATION,Use short excerpts only; square format.
COLUS-VIDA-SPORT-001,Vida COLUS,05-vida-colus/COLUS-VIDA-SPORT-001.webp,COLUS-VIDA-SPORT-001.webp,image/webp,1080x810,,USE,sports action,NEEDS_AUTHORIZATION,Selected Living Reel media.
COLUS-VIDA-SPORT-002,Vida COLUS,05-vida-colus/COLUS-VIDA-SPORT-002.webp,COLUS-VIDA-SPORT-002.webp,image/webp,1080x810,,ALT,team/huddle,NEEDS_AUTHORIZATION,Selected Living Reel media.
COLUS-VIDA-EXPRESSAO-001,Vida COLUS,05-vida-colus/COLUS-VIDA-EXPRESSAO-001.webp,COLUS-VIDA-EXPRESSAO-001.webp,image/webp,1080x1080,,USE,student speaking,NEEDS_AUTHORIZATION,Selected Living Reel media.
COLUS-VIDA-SPELLING-VID-001,Vida COLUS,05-vida-colus/COLUS-VIDA-SPELLING-VID-001.mp4,COLUS-VIDA-SPELLING-VID-001.mp4,video/mp4,720x720,159.0s,USE,literacy/event video,NEEDS_AUTHORIZATION,Selected Living Reel media.
COLUS-VIDA-CULTURA-001,Vida COLUS,05-vida-colus/COLUS-VIDA-CULTURA-001.jpg,Insta_Saver_@colus_mz_image_3651229530529722716_image_45.jpg,image/jpeg,1440x1440,,USE,culture / performance / inclusion,NEEDS_AUTHORIZATION,Use as culture/community frame; avoid over-specific claims beyond visible context.
COLUS-VIDA-LITERARIO-001,Vida COLUS,05-vida-colus/COLUS-VIDA-LITERARIO-001.webp,SaveInta.com_810485651_17969308218141020_1200159822889481481_n.jpg,image/webp,1080x1440,,ALT,literary festival / learning event,NEEDS_AUTHORIZATION,Supports school-life editorial variety.
COLUS-PERTENCER-COMUNIDADE-001,Pertencer,06-pertencer/COLUS-PERTENCER-COMUNIDADE-001.webp,COLUS-PERTENCER-COMUNIDADE-ALT-001.webp,image/webp,1080x1440,,USE,student connection,NEEDS_AUTHORIZATION,Adapt Pertencer visually around community/belonging; do not label subjects as family/guardians.
COLUS-PERTENCER-COMUNIDADE-002,Pertencer,06-pertencer/COLUS-PERTENCER-COMUNIDADE-002.webp,SaveInta.com_810090907_17969308257141020_1677054057179199261_n.jpg,image/webp,1080x1440,,ALT,community audience,NEEDS_AUTHORIZATION,Community atmosphere; relationship identities not inferred.
COLUS-PERTENCER-INTERACAO-001,Pertencer,06-pertencer/COLUS-PERTENCER-INTERACAO-001.webp,SaveInta.com_806984523_17969030712141020_8146550797197385665_n.jpg,image/webp,1080x810,,USE,intergenerational interaction / school community,NEEDS_AUTHORIZATION,Use as school-community interaction; do not claim parent/guardian relationship.
COLUS-TRANSFORMAR-EXPRESSAR-001,Transformar / Expressar,07-transformar/expressar/COLUS-TRANSFORMAR-EXPRESSAR-001.webp,COLUS-TRANSFORMAR-EXPRESSAR-001.webp,image/webp,1080x1080,,USE,student voice / speaking,NEEDS_AUTHORIZATION,Strong protagonism frame.
COLUS-TRANSFORMAR-CONSTRUIR-001,Transformar / Construir,07-transformar/construir/COLUS-TRANSFORMAR-CONSTRUIR-001.webp,COLUS-TRANSFORMAR-CONSTRUIR-001.webp,image/webp,1080x1080,,USE,practical collaboration,NEEDS_AUTHORIZATION,Hands-on creation.
COLUS-TRANSFORMAR-AVANCAR-001,Transformar / Avançar,07-transformar/avancar/COLUS-TRANSFORMAR-AVANCAR-001.webp,SaveInta.com_802243576_17969027868141020_4611671200343449000_n.jpg,image/webp,1080x1080,,USE,achievement / confidence,NEEDS_AUTHORIZATION,Use as achievement/progression frame; do not overstate the award context unless validated.
